"Название";"Цена";"Двигатель";"Комплектация";"Коробка передач";"Мощность";"Поколение";"Привод";"Пробег";"Руль";"Тип кузова";"Цвет";"Особые отметки";"url"
"Продажа Toyota RAV4, 1996 год в Иркутске";"725000.0";"бензин, 2.0 л";"2.0 J E specification";"АКПП";"135 л.с.";"1 поколение";"4WD";"223000.0";"правый";"джип/suv 3 дв.";"зеленый";"";"https://auto.drom.ru/irkutsk/toyota/rav4/726192121.html"
"Продажа Toyota RAV4, 2011 год в Иркутске";"1608000.0";"бензин, 2.0 л";"2.0 CVT Комфорт";"вариатор";"158 л.с.";"3 поколение, 2 рестайлинг";"4WD";"234400.0";"левый";"джип/suv 5 дв.";"синий";"";"https://auto.drom.ru/irkutsk/toyota/rav4/664262519.html"
"Продажа Toyota RAV4, 2017 год в Иркутске";"2450000.0";"бензин, 2.0 л";"";"вариатор";"146 л.с.";"4 поколение, рестайлинг";"передний";"216000.0";"левый";"джип/suv 5 дв.";"коричневый";"";"https://auto.drom.ru/irkutsk/toyota/rav4/53361093.html"
"Продажа Toyota RAV4, 2010 год в Иркутске";"1570000.0";"бензин, 2.4 л";"2.4 AT Long Престиж Плюс";"АКПП";"170 л.с.";"3 поколение, рестайлинг";"4WD";"288000.0";"левый";"джип/suv 5 дв.";"серый";"";"https://auto.drom.ru/irkutsk/toyota/rav4/444037390.html"
"Продажа Toyota RAV4, 2004 год в Иркутске";"930000.0";"бензин, 1.8 л";"1.8 L X G package";"АКПП";"125 л.с.";"2 поколение, рестайлинг";"передний";"270000.0";"правый";"джип/suv 5 дв.";"серый";"";"https://auto.drom.ru/irkutsk/toyota/rav4/661771352.html"
"Продажа Toyota RAV4, 2010 год в Иркутске";"1450000.0";"бензин, 2.0 л";"2.0 АТ Стандарт";"АКПП";"152 л.с.";"3 поколение, рестайлинг";"4WD";"166000.0";"левый";"джип/suv 5 дв.";"белый";"";"https://auto.drom.ru/irkutsk/toyota/rav4/872303583.html"
"Продажа Toyota RAV4, 1999 год в Иркутске";"485000.0";"бензин, 2.0 л";"";"механика";"135 л.с.";"1 поколение, рестайлинг";"4WD";"220000.0";"правый";"джип/suv 5 дв.";"белый";"";"https://auto.drom.ru/irkutsk/toyota/rav4/257280386.html"
"Продажа Toyota RAV4, 2012 год в Иркутске";"1790000.0";"бензин, 2.0 л";"";"вариатор";"148 л.с.";"3 поколение, 2 рестайлинг";"4WD";"196000.0";"левый";"джип/suv 5 дв.";"черный";"";"https://auto.drom.ru/irkutsk/toyota/rav4/405793176.html"
"Продажа Toyota RAV4, 2010 год в Иркутске";"1800000.0";"бензин, 2.4 л";"2.4 AT Long Престиж Плюс";"АКПП";"170 л.с.";"3 поколение, рестайлинг";"4WD";"205000.0";"левый";"джип/suv 5 дв.";"коричневый";"";"https://auto.drom.ru/irkutsk/toyota/rav4/738717452.html"
"Продажа Toyota RAV4, 2013 год в Иркутске";"1685000.0";"бензин, 2.0 л";"";"вариатор";"146 л.с.";"4 поколение";"передний";"95000.0";"левый";"джип/suv 5 дв.";"серебристый";"требуется ремонт или не на ходу";"https://auto.drom.ru/irkutsk/toyota/rav4/806153534.html"
"Продажа Toyota RAV4, 2010 год в Иркутске";"1750000.0";"бензин, 2.0 л";"2.0 CVT 4WD Life";"вариатор";"158 л.с.";"3 поколение, 2 рестайлинг";"4WD";"215000.0";"левый";"джип/suv 5 дв.";"черный";"";"https://auto.drom.ru/irkutsk/toyota/rav4/53582933.html"
"Продажа Toyota RAV4, 2012 год в Иркутске";"1720000.0";"бензин, 2.4 л";"2.4 AT Long Комфорт Плюс";"АКПП";"170 л.с.";"3 поколение, рестайлинг";"4WD";"263000.0";"левый";"джип/suv 5 дв.";"белый";"";"https://auto.drom.ru/irkutsk/toyota/rav4/654983176.html"
"Продажа Toyota RAV4, 2007 год в Иркутске";"1165000.0";"бензин, 2.0 л";"2.0 AT Sol";"АКПП";"152 л.с.";"3 поколение";"4WD";"145000.0";"левый";"джип/suv 5 дв.";"серебристый";"";"https://auto.drom.ru/irkutsk/toyota/rav4/550485801.html"
"Продажа Toyota RAV4, 2007 год в Иркутске";"1400000.0";"бензин, 2.4 л";"2.4 AT Sol";"АКПП";"170 л.с.";"3 поколение";"4WD";"300000.0";"левый";"джип/suv 5 дв.";"черный";"";"https://auto.drom.ru/irkutsk/toyota/rav4/627489832.html"
"Продажа Toyota RAV4, 2007 год в Иркутске";"1190000.0";"бензин, 2.0 л";"2.0 AT Executive";"АКПП";"152 л.с.";"3 поколение";"4WD";"216000.0";"левый";"джип/suv 5 дв.";"красный";"";"https://auto.drom.ru/irkutsk/toyota/rav4/140417656.html"
"Продажа Toyota RAV4, 2018 год в Иркутске";"3050000.0";"бензин, 2.5 л";"2.5 AT 4WD Престиж Safety";"АКПП";"180 л.с.";"4 поколение, рестайлинг";"4WD";"85000.0";"левый";"джип/suv 5 дв.";"бордовый";"";"https://auto.drom.ru/irkutsk/toyota/rav4/565858848.html"
"Продажа Toyota RAV4, 2019 год в Иркутске";"3290000.0";"бензин, 2.0 л";"2.0 CVT 4WD Комфорт";"вариатор";"149 л.с.";"5 поколение";"4WD";"106000.0";"левый";"джип/suv 5 дв.";"белый";"";"https://auto.drom.ru/irkutsk/toyota/rav4/253139898.html"
"Продажа Toyota RAV4, 2018 год в Иркутске";"3085000.0";"бензин, 2.5 л";"2.5 AT 4WD Престиж";"АКПП";"180 л.с.";"4 поколение, рестайлинг";"4WD";"85000.0";"левый";"джип/suv 5 дв.";"черный";"";"https://auto.drom.ru/irkutsk/toyota/rav4/746892065.html"
"Продажа Toyota RAV4, 2014 год в Иркутске";"2050000.0";"бензин, 2.0 л";"2.0 MT 4WD Стандарт";"механика";"146 л.с.";"4 поколение";"4WD";"148000.0";"левый";"джип/suv 5 дв.";"коричневый";"";"https://auto.drom.ru/irkutsk/toyota/rav4/181456507.html"
"Продажа Toyota RAV4, 2012 год в Иркутске";"2000000.0";"бензин, 2.0 л";"2.0 CVT Элеганс";"вариатор";"148 л.с.";"3 поколение, 2 рестайлинг";"4WD";"205.0";"левый";"джип/suv 5 дв.";"белый";"";"https://auto.drom.ru/irkutsk/toyota/rav4/101237983.html"
"Продажа Toyota RAV4, 2019 год в Иркутске";"3600000.0";"бензин, 2.0 л";"2.0 CVT 4WD Престиж";"вариатор";"149 л.с.";"5 поколение";"4WD";"58000.0";"левый";"джип/suv 5 дв.";"черный";"";"https://auto.drom.ru/irkutsk/toyota/rav4/53471652.html"
"Продажа Toyota RAV4, 2011 год в Иркутске";"1730000.0";"бензин, 2.0 л";"2.0 CVT Престиж";"вариатор";"158 л.с.";"3 поколение, 2 рестайлинг";"4WD";"145000.0";"левый";"джип/suv 5 дв.";"бежевый";"";"https://auto.drom.ru/irkutsk/toyota/rav4/178420912.html"
"Продажа Toyota RAV4, 2019 год в Иркутске";"4200000.0";"бензин, 2.5 л";"2.5 AT 4WD Комфорт";"АКПП";"199 л.с.";"5 поколение";"4WD";"49600.0";"левый";"джип/suv 5 дв.";"коричневый";"";"https://auto.drom.ru/irkutsk/toyota/rav4/694979815.html"
"Продажа Toyota RAV4, 2005 год в Иркутске";"880000.0";"бензин, 2.4 л";"2.4 AT L";"АКПП";"161 л.с.";"2 поколение, рестайлинг";"4WD";"215000.0";"левый";"джип/suv 5 дв.";"синий";"";"https://auto.drom.ru/irkutsk/toyota/rav4/858174064.html"
"Продажа Toyota RAV4, 2004 год в Иркутске";"930000.0";"бензин, 2.0 л";"2.0 AT 4WD Executive";"АКПП";"150 л.с.";"2 поколение, рестайлинг";"4WD";"110000.0";"левый";"джип/suv 5 дв.";"зеленый";"";"https://auto.drom.ru/irkutsk/toyota/rav4/893961797.html"
"Продажа Toyota RAV4, 2013 год в Иркутске";"2132000.0";"бензин, 2.0 л";"2.0 CVT 4WD Элеганс Плюс";"вариатор";"146 л.с.";"4 поколение";"4WD";"52000.0";"левый";"джип/suv 5 дв.";"серый";"";"https://auto.drom.ru/irkutsk/toyota/rav4/231146061.html"
"Продажа Toyota RAV4, 1995 год в Иркутске";"475000.0";"бензин, 2.0 л";"2.0 L V E specification";"АКПП";"135 л.с.";"1 поколение";"4WD";"250.0";"правый";"джип/suv 5 дв.";"синий";"";"https://auto.drom.ru/irkutsk/toyota/rav4/147950982.html"
"Продажа Toyota RAV4, 2022 год в Иркутске";"4600000.0";"бензин, 2.5 л";"2.5 AT 4WD Престиж Safety";"АКПП";"199 л.с.";"5 поколение";"4WD";"43200.0";"левый";"джип/suv 5 дв.";"белый";"";"https://auto.drom.ru/irkutsk/toyota/rav4/867840255.html"
"Продажа Toyota RAV4, 2018 год в Иркутске";"2750000.0";"бензин, 2.0 л";"2.0 CVT 2WD Комфорт Плюс";"вариатор";"146 л.с.";"4 поколение, рестайлинг";"передний";"130000.0";"левый";"джип/suv 5 дв.";"серебристый";"";"https://auto.drom.ru/irkutsk/toyota/rav4/248370343.html"
"Продажа Toyota RAV4, 2016 год в Иркутске";"2420000.0";"бензин, 2.5 л";"2.5 AT 4WD Exclusive";"АКПП";"180 л.с.";"4 поколение, рестайлинг";"4WD";"180000.0";"левый";"джип/suv 5 дв.";"белый";"";"https://auto.drom.ru/irkutsk/toyota/rav4/445145652.html"
"Продажа Toyota RAV4, 1995 год в Иркутске";"625000.0";"бензин, 2.0 л";"2.0 L";"АКПП";"135 л.с.";"1 поколение";"4WD";"297052.0";"правый";"джип/suv 3 дв.";"зеленый";"";"https://auto.drom.ru/irkutsk/toyota/rav4/727293890.html"
"Продажа Toyota RAV4, 2020 год в Иркутске";"3190000.0";"бензин, 2.0 л";"2.0 CVT 4WD Комфорт";"вариатор";"149 л.с.";"5 поколение";"4WD";"115000.0";"левый";"джип/suv 5 дв.";"черный";"";"https://auto.drom.ru/irkutsk/toyota/rav4/643883821.html"
"Продажа Toyota RAV4, 2014 год в Иркутске";"2050000.0";"бензин, 2.0 л";"2.0 MT 2WD Классик";"механика";"146 л.с.";"4 поколение";"передний";"148000.0";"левый";"джип/suv 5 дв.";"золотистый";"";"https://auto.drom.ru/irkutsk/toyota/rav4/351234763.html"
"Продажа Toyota RAV4, 2021 год в Иркутске";"3800000.0";"бензин, 2.5 л";"2.5 AT 4WD Комфорт";"АКПП";"199 л.с.";"5 поколение";"4WD";"83000.0";"левый";"джип/suv 5 дв.";"белый";"";"https://auto.drom.ru/irkutsk/toyota/rav4/180849211.html"
"Продажа Toyota RAV4, 2018 год в Иркутске";"2800000.0";"бензин, 2.0 л";"2.0 CVT 2WD Комфорт Плюс";"вариатор";"146 л.с.";"4 поколение, рестайлинг";"передний";"111111.0";"левый";"джип/suv 5 дв.";"черный";"";"https://auto.drom.ru/irkutsk/toyota/rav4/901385242.html"
"Продажа Toyota RAV4, 2001 год в Иркутске";"1095000.0";"бензин, 1.8 л";"1.8 L X G package";"АКПП";"125 л.с.";"2 поколение";"передний";"134000.0";"правый";"джип/suv 5 дв.";"серебристый";"";"https://auto.drom.ru/irkutsk/toyota/rav4/425031521.html"
"Продажа Toyota RAV4, 2010 год в Иркутске";"1400000.0";"бензин, 2.4 л";"2.4 AT Long Престиж Плюс";"АКПП";"170 л.с.";"3 поколение, рестайлинг";"4WD";"447274.0";"левый";"джип/suv 5 дв.";"серый";"";"https://auto.drom.ru/irkutsk/toyota/rav4/261721815.html"
"Продажа Toyota RAV4, 2001 год в Иркутске";"745000.0";"бензин, 1.8 л";"";"АКПП";"125 л.с.";"2 поколение";"передний";"277032.0";"правый";"джип/suv 5 дв.";"золотистый";"";"https://auto.drom.ru/irkutsk/toyota/rav4/377156614.html"
"Продажа Toyota RAV4, 2010 год в Иркутске";"1860000.0";"бензин, 2.0 л";"";"вариатор";"158 л.с.";"3 поколение";"4WD";"69363.0";"левый";"джип/suv 5 дв.";"красный";"";"https://auto.drom.ru/irkutsk/toyota/rav4/120993547.html"
"Продажа Toyota RAV4, 2018 год в Иркутске";"3220000.0";"бензин, 2.5 л";"";"АКПП";"180 л.с.";"4 поколение, рестайлинг";"4WD";"116006.0";"левый";"джип/suv 5 дв.";"серый";"";"https://auto.drom.ru/irkutsk/toyota/rav4/130877024.html"
"Продажа Toyota RAV4, 1994 год в Иркутске";"440000.0";"бензин, 2.0 л";"";"АКПП";"135 л.с.";"1 поколение";"4WD";"400000.0";"правый";"джип/suv 3 дв.";"синий";"";"https://auto.drom.ru/irkutsk/toyota/rav4/205385659.html"
"Продажа Toyota RAV4, 2014 год в Иркутске";"2200000.0";"бензин, 2.0 л";"2.0 CVT 4WD Престиж Плюс";"вариатор";"146 л.с.";"4 поколение";"4WD";"190000.0";"левый";"джип/suv 5 дв.";"черный";"";"https://auto.drom.ru/irkutsk/toyota/rav4/531963356.html"
"Продажа Toyota RAV4, 2016 год в Иркутске";"2540000.0";"бензин, 2.0 л";"2.0 CVT 2WD Комфорт";"вариатор";"146 л.с.";"4 поколение, рестайлинг";"передний";"120000.0";"левый";"джип/suv 5 дв.";"черный";"";"https://auto.drom.ru/irkutsk/toyota/rav4/611341718.html"
"Продажа Toyota RAV4, 2012 год в Иркутске";"2180000.0";"бензин, 2.4 л";"2.4 AT Long Престиж Плюс";"АКПП";"170 л.с.";"3 поколение, рестайлинг";"4WD";"135000.0";"левый";"джип/suv 5 дв.";"серый";"";"https://auto.drom.ru/irkutsk/toyota/rav4/905681829.html"
"Продажа Toyota RAV4, 2016 год в Иркутске";"2600000.0";"бензин, 2.0 л";"2.0 CVT 4WD Комфорт";"вариатор";"146 л.с.";"4 поколение, рестайлинг";"4WD";"139000.0";"левый";"джип/suv 5 дв.";"синий";"";"https://auto.drom.ru/irkutsk/toyota/rav4/410418236.html"
"Продажа Toyota RAV4, 2020 год в Иркутске";"4190000.0";"бензин, 2.5 л";"2.5 AT 4WD Престиж Safety";"АКПП";"199 л.с.";"5 поколение";"4WD";"58490.0";"левый";"джип/suv 5 дв.";"черный";"";"https://auto.drom.ru/irkutsk/toyota/rav4/909254159.html"
"Продажа Toyota RAV4, 2020 год в Иркутске";"4200000.0";"бензин, 2.5 л";"";"АКПП";"199 л.с.";"5 поколение";"4WD";"101392.0";"левый";"джип/suv 5 дв.";"зеленый";"";"https://auto.drom.ru/irkutsk/toyota/rav4/188343978.html"
"Продажа Toyota RAV4, 2000 год в Иркутске";"810000.0";"бензин, 1.8 л";"";"АКПП";"125 л.с.";"2 поколение";"передний";"242.0";"правый";"джип/suv 5 дв.";"серый";"";"https://auto.drom.ru/irkutsk/toyota/rav4/908733748.html"
"Продажа Toyota RAV4, 2021 год в Иркутске";"4400000.0";"бензин, 2.5 л";"";"АКПП";"199 л.с.";"5 поколение";"4WD";"32978.0";"левый";"джип/suv 5 дв.";"белый";"";"https://auto.drom.ru/irkutsk/toyota/rav4/345295006.html"
"Продажа Toyota RAV4, 2016 год в Иркутске";"2950000.0";"бензин, 2.0 л";"2.0 CVT 4WD Exclusive";"вариатор";"146 л.с.";"4 поколение, рестайлинг";"4WD";"79000.0";"левый";"джип/suv 5 дв.";"черный";"";"https://auto.drom.ru/irkutsk/toyota/rav4/194052876.html"
"Продажа Toyota RAV4, 2021 год в Иркутске";"4380000.0";"бензин, 2.5 л";"2.5 AT 4WD Комфорт";"АКПП";"199 л.с.";"5 поколение";"4WD";"24147.0";"левый";"джип/suv 5 дв.";"белый";"";"https://auto.drom.ru/irkutsk/toyota/rav4/316180897.html"
"Продажа Toyota RAV4, 2003 год в Иркутске";"699000.0";"бензин, 1.8 л";"1.8 L X";"АКПП";"125 л.с.";"2 поколение";"передний";"258000.0";"правый";"джип/suv 5 дв.";"золотистый";"";"https://auto.drom.ru/irkutsk/toyota/rav4/318305161.html"
"Продажа Toyota RAV4, 2013 год в Иркутске";"2045000.0";"бензин, 2.0 л";"2.0 CVT 4WD Комфорт Плюс";"вариатор";"146 л.с.";"4 поколение";"4WD";"197574.0";"левый";"джип/suv 5 дв.";"черный";"";"https://auto.drom.ru/irkutsk/toyota/rav4/220566655.html"
"Продажа Toyota RAV4, 2021 год в Иркутске";"3900000.0";"бензин, 2.0 л";"2.0 CVT 4WD Престиж Safety";"вариатор";"149 л.с.";"5 поколение";"4WD";"45000.0";"левый";"джип/suv 5 дв.";"белый";"";"https://auto.drom.ru/irkutsk/toyota/rav4/891728719.html"
"Продажа Toyota RAV4, 2009 год в Иркутске";"1695000.0";"бензин, 2.4 л";"2.4 АТ Престиж Long";"АКПП";"170 л.с.";"3 поколение, рестайлинг";"4WD";"176000.0";"левый";"джип/suv 5 дв.";"черный";"";"https://auto.drom.ru/irkutsk/toyota/rav4/512547743.html"
"Продажа Toyota RAV4, 2018 год в Иркутске";"2935000.0";"бензин, 2.0 л";"2.0 CVT 4WD Комфорт Плюс";"вариатор";"146 л.с.";"4 поколение, рестайлинг";"4WD";"65080.0";"левый";"джип/suv 5 дв.";"коричневый";"";"https://auto.drom.ru/irkutsk/toyota/rav4/933424579.html"
"Продажа Toyota RAV4, 2012 год в Иркутске";"2700000.0";"бензин, 2.0 л";"2.0 CVT 4WD Комфорт Плюс";"вариатор";"146 л.с.";"4 поколение";"4WD";"190000.0";"левый";"джип/suv 5 дв.";"белый";"";"https://auto.drom.ru/irkutsk/toyota/rav4/288132402.html"
"Продажа Toyota RAV4, 2019 год в Иркутске";"3998000.0";"бензин, 2.5 л";"2.5 AT 4WD Комфорт";"АКПП";"199 л.с.";"5 поколение";"4WD";"30000.0";"левый";"джип/suv 5 дв.";"";"";"https://auto.drom.ru/irkutsk/toyota/rav4/791121635.html"
"Продажа Toyota RAV4, 2005 год в Иркутске";"1149000.0";"бензин, 1.8 л";"1.8 L X G package";"АКПП";"125 л.с.";"2 поколение, рестайлинг";"передний";"195570.0";"правый";"джип/suv 5 дв.";"золотистый";"";"https://auto.drom.ru/irkutsk/toyota/rav4/345604737.html"
"Продажа Toyota RAV4, 2007 год в Иркутске";"1370000.0";"бензин, 2.4 л";"2.4 AT Sol";"АКПП";"170 л.с.";"3 поколение";"4WD";"254000.0";"левый";"джип/suv 5 дв.";"черный";"";"https://auto.drom.ru/irkutsk/toyota/rav4/778524522.html"
"Продажа Toyota RAV4, 2021 год в Иркутске";"3500000.0";"бензин, 2.5 л, гибрид";"2.5h CVT 4WD Black Edition";"вариатор";"178 л.с.";"5 поколение";"4WD";"47000.0";"левый";"джип/suv 5 дв.";"коричневый";"";"https://auto.drom.ru/irkutsk/toyota/rav4/819892223.html"
"Продажа Toyota RAV4, 2004 год в Иркутске";"780000.0";"бензин, 2.4 л";"";"автомат";"170 л.с.";"2 поколение, рестайлинг";"4WD";"208824.0";"левый";"джип/suv 5 дв.";"";"";"https://auto.drom.ru/irkutsk/toyota/rav4/291338040.html"
"Продажа Toyota RAV4, 2018 год в Иркутске";"2998000.0";"бензин, 2.5 л";"";"автомат";"205 л.с.";"";"передний";"48500.0";"левый";"джип/suv 5 дв.";"серый";"";"https://auto.drom.ru/irkutsk/toyota/rav4/638991279.html"
"Продажа Toyota RAV4, 2020 год в Иркутске";"4050000.0";"бензин, 2.5 л";"2.5 AT 4WD Комфорт";"АКПП";"199 л.с.";"5 поколение";"4WD";"56100.0";"левый";"джип/suv 5 дв.";"белый";"";"https://auto.drom.ru/irkutsk/toyota/rav4/753176327.html"
"Продажа Toyota RAV4, 2011 год в Иркутске";"1600000.0";"бензин, 2.4 л";"2.4 AT Long Престиж Плюс";"АКПП";"170 л.с.";"3 поколение, рестайлинг";"4WD";"255000.0";"левый";"джип/suv 5 дв.";"черный";"";"https://auto.drom.ru/irkutsk/toyota/rav4/112778865.html"
"Продажа Toyota RAV4, 2013 год в Иркутске";"1937000.0";"бензин, 2.0 л";"2.0 CVT 4WD Комфорт Плюс";"вариатор";"146 л.с.";"4 поколение";"4WD";"58000.0";"левый";"джип/suv 5 дв.";"черный";"";"https://auto.drom.ru/irkutsk/toyota/rav4/159492540.html"
"Продажа Toyota RAV4, 2020 год в Иркутске";"4090000.0";"бензин, 2.5 л";"2.5 AT 4WD Style";"АКПП";"199 л.с.";"5 поколение";"4WD";"55500.0";"левый";"джип/suv 5 дв.";"белый";"";"https://auto.drom.ru/irkutsk/toyota/rav4/312779223.html"
"Продажа Toyota RAV4, 2011 год в Иркутске";"1750000.0";"бензин, 2.0 л";"2.0 CVT Комфорт";"вариатор";"158 л.с.";"3 поколение, 2 рестайлинг";"4WD";"176000.0";"левый";"джип/suv 5 дв.";"синий";"";"https://auto.drom.ru/irkutsk/toyota/rav4/369417408.html"
"Продажа Toyota RAV4, 2000 год в Иркутске";"780000.0";"бензин, 1.8 л";"";"АКПП";"125 л.с.";"2 поколение";"передний";"268000.0";"правый";"джип/suv 3 дв.";"красный";"";"https://auto.drom.ru/irkutsk/toyota/rav4/539833335.html"
"Продажа Toyota RAV4, 2018 год в Иркутске";"2550000.0";"бензин, 2.0 л";"2.0 CVT 4WD Комфорт Плюс";"вариатор";"146 л.с.";"4 поколение, рестайлинг";"4WD";"150000.0";"левый";"джип/suv 5 дв.";"коричневый";"";"https://auto.drom.ru/irkutsk/toyota/rav4/133490384.html"
"Продажа Toyota RAV4, 2010 год в Иркутске";"1648000.0";"бензин, 2.0 л";"2.0 CVT Престиж";"вариатор";"158 л.с.";"3 поколение, 2 рестайлинг";"4WD";"138300.0";"левый";"джип/suv 5 дв.";"белый";"";"https://auto.drom.ru/irkutsk/toyota/rav4/289964419.html"
"Продажа Toyota RAV4, 1995 год в Иркутске";"460000.0";"бензин, 2.0 л";"";"АКПП";"135 л.с.";"1 поколение";"4WD";"90.0";"правый";"джип/suv 5 дв.";"синий";"";"https://auto.drom.ru/irkutsk/toyota/rav4/783683389.html"
"Продажа Toyota RAV4, 2022 год в Иркутске";"4700000.0";"бензин, 2.0 л";"2.0 CVT 4WD Престиж";"вариатор";"149 л.с.";"5 поколение";"4WD";"13000.0";"левый";"джип/suv 5 дв.";"белый";"";"https://auto.drom.ru/irkutsk/toyota/rav4/800993918.html"
"Продажа Toyota RAV4, 2008 год в Иркутске";"1599000.0";"бензин, 2.4 л";"2.4 AT Sol";"АКПП";"170 л.с.";"3 поколение";"4WD";"145600.0";"левый";"джип/suv 5 дв.";"синий";"";"https://auto.drom.ru/irkutsk/toyota/rav4/347772994.html"
"Продажа Toyota RAV4, 2013 год в Иркутске";"1845000.0";"бензин, 2.0 л";"2.0 CVT 4WD Комфорт Плюс";"вариатор";"146 л.с.";"4 поколение";"4WD";"122000.0";"левый";"джип/suv 5 дв.";"красный";"";"https://auto.drom.ru/irkutsk/toyota/rav4/616404238.html"
"Продажа Toyota RAV4, 2000 год в Иркутске";"870000.0";"бензин, 1.8 л";"1.8 L X";"АКПП";"125 л.с.";"2 поколение";"передний";"187650.0";"правый";"джип/suv 3 дв.";"черный";"";"https://auto.drom.ru/irkutsk/toyota/rav4/359205197.html"
"Продажа Toyota RAV4, 2018 год в Иркутске";"2645000.0";"бензин, 2.5 л";"2.5 AT 4WD Престиж Safety";"АКПП";"180 л.с.";"4 поколение, рестайлинг";"4WD";"225595.0";"левый";"джип/suv 5 дв.";"черный";"";"https://auto.drom.ru/irkutsk/toyota/rav4/348485317.html"
"Продажа Toyota RAV4, 2011 год в Иркутске";"1635000.0";"бензин, 2.0 л";"2.0 CVT Элеганс";"вариатор";"148 л.с.";"3 поколение, 2 рестайлинг";"4WD";"168000.0";"левый";"джип/suv 5 дв.";"белый";"";"https://auto.drom.ru/irkutsk/toyota/rav4/408549241.html"
"Продажа Toyota RAV4, 2020 год в Иркутске";"3450000.0";"бензин, 2.5 л";"2.5 AT 4WD Style";"АКПП";"199 л.с.";"5 поколение";"4WD";"116000.0";"левый";"джип/suv 5 дв.";"белый";"";"https://auto.drom.ru/irkutsk/toyota/rav4/170389771.html"
"Продажа Toyota RAV4, 2021 год в Иркутске";"4850000.0";"бензин, 2.5 л";"2.5 AT 4WD Комфорт";"АКПП";"199 л.с.";"5 поколение";"4WD";"28000.0";"левый";"джип/suv 5 дв.";"серебристый";"";"https://auto.drom.ru/irkutsk/toyota/rav4/257088117.html"
"Продажа Toyota RAV4, 2007 год в Иркутске";"1200000.0";"бензин, 2.4 л";"2.4 AT Limited 5 мест";"АКПП";"166 л.с.";"3 поколение";"4WD";"276000.0";"левый";"джип/suv 5 дв.";"серебристый";"";"https://auto.drom.ru/irkutsk/toyota/rav4/275170191.html"
"Продажа Toyota RAV4, 2006 год в Иркутске";"1350000.0";"бензин, 2.0 л";"";"АКПП";"152 л.с.";"3 поколение";"4WD";"224000.0";"левый";"джип/suv 5 дв.";"серый";"";"https://auto.drom.ru/irkutsk/toyota/rav4/381212121.html"
"Продажа Toyota RAV4, 2017 год в Иркутске";"2900000.0";"бензин, 2.5 л";"2.5 AT 4WD Престиж";"АКПП";"180 л.с.";"4 поколение, рестайлинг";"4WD";"62100.0";"левый";"джип/suv 5 дв.";"бордовый";"";"https://auto.drom.ru/irkutsk/toyota/rav4/720354332.html"
"Продажа Toyota RAV4, 2008 год в Иркутске";"1500000.0";"бензин, 2.4 л";"2.4 AT Sol";"АКПП";"170 л.с.";"3 поколение";"4WD";"265818.0";"левый";"джип/suv 5 дв.";"черный";"";"https://auto.drom.ru/irkutsk/toyota/rav4/802422807.html"
"Продажа Toyota RAV4, 2002 год в Иркутске";"899999.0";"бензин, 2.0 л";"2.0 AT 4WD";"АКПП";"150 л.с.";"2 поколение";"4WD";"230000.0";"левый";"джип/suv 5 дв.";"черный";"";"https://auto.drom.ru/irkutsk/toyota/rav4/885841926.html"
"Продажа Toyota RAV4, 2011 год в Иркутске";"1600000.0";"бензин, 2.0 л";"";"вариатор";"158 л.с.";"3 поколение, 2 рестайлинг";"4WD";"204000.0";"левый";"джип/suv 5 дв.";"черный";"";"https://auto.drom.ru/irkutsk/toyota/rav4/913403766.html"
"Продажа Toyota RAV4, 2011 год в Иркутске";"2050000.0";"бензин, 2.4 л";"2.4 AT Long Престиж Плюс";"АКПП";"170 л.с.";"3 поколение, рестайлинг";"4WD";"179824.0";"левый";"джип/suv 5 дв.";"белый";"";"https://auto.drom.ru/irkutsk/toyota/rav4/299526531.html"
"Продажа Toyota RAV4, 2010 год в Иркутске";"1600000.0";"бензин, 2.4 л";"";"АКПП";"170 л.с.";"3 поколение, рестайлинг";"4WD";"135000.0";"левый";"джип/suv 5 дв.";"красный";"";"https://auto.drom.ru/irkutsk/toyota/rav4/434232350.html"
"Продажа Toyota RAV4, 2020 год в Иркутске";"3460000.0";"бензин, 2.0 л";"2.0 CVT 4WD Престиж";"вариатор";"149 л.с.";"5 поколение";"4WD";"121000.0";"левый";"джип/suv 5 дв.";"синий";"";"https://auto.drom.ru/irkutsk/toyota/rav4/409799045.html"
"Продажа Toyota RAV4, 2006 год в Иркутске";"1300000.0";"бензин, 2.0 л";"2.0 AT Executive";"АКПП";"152 л.с.";"3 поколение";"4WD";"303423.0";"левый";"джип/suv 5 дв.";"черный";"";"https://auto.drom.ru/irkutsk/toyota/rav4/885756655.html"
"Продажа Toyota RAV4, 2001 год в Иркутске";"970000.0";"бензин, 2.0 л";"2.0 L X";"АКПП";"152 л.с.";"2 поколение";"4WD";"328997.0";"правый";"джип/suv 5 дв.";"серый";"";"https://auto.drom.ru/irkutsk/toyota/rav4/53655521.html"
"Продажа Toyota RAV4, 2013 год в Иркутске";"2250000.0";"бензин, 2.0 л";"";"вариатор";"146 л.с.";"4 поколение";"4WD";"148000.0";"левый";"джип/suv 5 дв.";"золотистый";"";"https://auto.drom.ru/irkutsk/toyota/rav4/837955404.html"
"Продажа Toyota RAV4, 2014 год в Иркутске";"1799000.0";"бензин, 2.0 л";"";"механика";"146 л.с.";"4 поколение";"передний";"112000.0";"левый";"джип/suv 5 дв.";"белый";"";"https://auto.drom.ru/irkutsk/toyota/rav4/852685394.html"
"Продажа Toyota RAV4, 2008 год в Иркутске";"1450000.0";"бензин, 2.0 л";"";"АКПП";"152 л.с.";"3 поколение";"4WD";"262000.0";"левый";"джип/suv 5 дв.";"черный";"";"https://auto.drom.ru/irkutsk/toyota/rav4/741303041.html"
"Продажа Toyota RAV4, 2008 год в Иркутске";"1457000.0";"бензин, 2.0 л";"";"АКПП";"152 л.с.";"3 поколение";"4WD";"273000.0";"левый";"джип/suv 5 дв.";"черный";"";"https://auto.drom.ru/irkutsk/toyota/rav4/299121188.html"
"Продажа Toyota RAV4, 2011 год в Иркутске";"1795000.0";"бензин, 2.0 л";"2.0 CVT Комфорт";"вариатор";"158 л.с.";"3 поколение, 2 рестайлинг";"4WD";"233000.0";"левый";"джип/suv 5 дв.";"коричневый";"";"https://auto.drom.ru/irkutsk/toyota/rav4/818408168.html"
"Продажа Toyota RAV4, 2019 год в Иркутске";"2850000.0";"бензин, 2.0 л";"2.0 CVT 4WD 25th Anniversary";"вариатор";"146 л.с.";"4 поколение, рестайлинг";"4WD";"130000.0";"левый";"джип/suv 5 дв.";"белый";"";"https://auto.drom.ru/irkutsk/toyota/rav4/669280038.html"
"Продажа Toyota RAV4, 2020 год в Иркутске";"3450000.0";"бензин, 2.5 л";"2.5 AT 4WD Комфорт";"АКПП";"199 л.с.";"5 поколение";"4WD";"85000.0";"левый";"джип/suv 5 дв.";"белый";"";"https://auto.drom.ru/irkutsk/toyota/rav4/387271464.html"
"Продажа Toyota RAV4, 2006 год в Иркутске";"1170000.0";"бензин, 2.0 л";"2.0 AT Sol";"АКПП";"152 л.с.";"3 поколение";"4WD";"208000.0";"левый";"джип/suv 5 дв.";"черный";"";"https://auto.drom.ru/irkutsk/toyota/rav4/600409400.html"
"Продажа Toyota RAV4, 2015 год в Иркутске";"3150000.0";"бензин, 2.5 л";"2.5 AT 4WD Престиж";"АКПП";"180 л.с.";"4 поколение, рестайлинг";"4WD";"87000.0";"левый";"джип/suv 5 дв.";"черный";"";"https://auto.drom.ru/irkutsk/toyota/rav4/120260879.html"
"Продажа Toyota RAV4, 2016 год в Иркутске";"2650000.0";"бензин, 2.0 л";"";"механика";"146 л.с.";"4 поколение, рестайлинг";"4WD";"172000.0";"левый";"джип/suv 5 дв.";"серый";"";"https://auto.drom.ru/irkutsk/toyota/rav4/142466702.html"
"Продажа Toyota RAV4, 2016 год в Иркутске";"2730000.0";"бензин, 2.0 л";"2.0 CVT 4WD Престиж Black";"вариатор";"146 л.с.";"4 поколение, рестайлинг";"4WD";"131200.0";"левый";"джип/suv 5 дв.";"белый";"";"https://auto.drom.ru/irkutsk/toyota/rav4/347923295.html"
"Продажа Toyota RAV4, 2006 год в Иркутске";"1320000.0";"бензин, 2.0 л";"";"АКПП";"152 л.с.";"3 поколение";"4WD";"200000.0";"левый";"джип/suv 5 дв.";"бежевый";"";"https://auto.drom.ru/irkutsk/toyota/rav4/476743603.html"
"Продажа Toyota RAV4, 2019 год в Иркутске";"3400000.0";"бензин, 2.5 л";"";"АКПП";"203 л.с.";"5 поколение";"4WD";"75500.0";"левый";"джип/suv 5 дв.";"черный";"";"https://auto.drom.ru/irkutsk/toyota/rav4/720916796.html"
"Продажа Toyota RAV4, 1995 год в Иркутске";"400000.0";"бензин, 2.0 л";"";"АКПП";"135 л.с.";"1 поколение";"4WD";"367000.0";"правый";"джип/suv 5 дв.";"белый";"требуется ремонт или не на ходу";"https://auto.drom.ru/irkutsk/toyota/rav4/797872335.html"
"Продажа Toyota RAV4, 2000 год в Иркутске";"710000.0";"бензин, 2.0 л";"2.0 J X";"АКПП";"152 л.с.";"2 поколение";"4WD";"257000.0";"правый";"джип/suv 3 дв.";"белый";"";"https://auto.drom.ru/irkutsk/toyota/rav4/690267416.html"
"Продажа Toyota RAV4, 2017 год в Иркутске";"2900000.0";"бензин, 2.5 л";"2.5 AT 4WD Комфорт Плюс";"АКПП";"180 л.с.";"4 поколение, рестайлинг";"4WD";"173.0";"левый";"джип/suv 5 дв.";"серый";"";"https://auto.drom.ru/irkutsk/toyota/rav4/543007076.html"
"Продажа Toyota RAV4, 2017 год в Иркутске";"2490000.0";"бензин, 2.0 л";"2.0 CVT 4WD Комфорт Плюс";"вариатор";"146 л.с.";"4 поколение, рестайлинг";"4WD";"81000.0";"левый";"джип/suv 5 дв.";"белый";"";"https://auto.drom.ru/irkutsk/toyota/rav4/842303771.html"
"Продажа Toyota RAV4, 1996 год в Иркутске";"590000.0";"бензин, 2.0 л";"2.0 J V";"АКПП";"135 л.с.";"1 поколение";"4WD";"322000.0";"правый";"джип/suv 5 дв.";"серый";"";"https://auto.drom.ru/irkutsk/toyota/rav4/851843579.html"
"Продажа Toyota RAV4, 2013 год в Иркутске";"1800000.0";"бензин, 2.0 л";"2.0 CVT 4WD Executive";"вариатор";"151 л.с.";"4 поколение";"4WD";"245000.0";"левый";"джип/suv 5 дв.";"серебристый";"";"https://auto.drom.ru/irkutsk/toyota/rav4/707764577.html"
"Продажа Toyota RAV4, 2009 год в Иркутске";"1888000.0";"бензин, 2.4 л";"2.4 АТ Престиж Long";"АКПП";"170 л.с.";"3 поколение, рестайлинг";"4WD";"138000.0";"левый";"джип/suv 5 дв.";"бежевый";"";"https://auto.drom.ru/irkutsk/toyota/rav4/654691933.html"
"Продажа Toyota RAV4, 2010 год в Иркутске";"1520000.0";"бензин, 2.0 л";"2.0 CVT 4WD Life";"вариатор";"158 л.с.";"3 поколение, 2 рестайлинг";"4WD";"186000.0";"левый";"джип/suv 5 дв.";"";"";"https://auto.drom.ru/irkutsk/toyota/rav4/319195645.html"
"Продажа Toyota RAV4, 2020 год в Иркутске";"4200000.0";"бензин, 2.5 л";"";"АКПП";"199 л.с.";"5 поколение";"4WD";"54070.0";"левый";"джип/suv 5 дв.";"белый";"";"https://auto.drom.ru/irkutsk/toyota/rav4/367450354.html"
"Продажа Toyota RAV4, 2017 год в Иркутске";"2600000.0";"бензин, 2.0 л";"2.0 CVT 4WD Exclusive";"вариатор";"146 л.с.";"4 поколение, рестайлинг";"4WD";"113100.0";"левый";"джип/suv 5 дв.";"бордовый";"";"https://auto.drom.ru/irkutsk/toyota/rav4/383556661.html"
"Продажа Toyota RAV4, 2020 год в Иркутске";"3420000.0";"бензин, 2.0 л";"2.0 CVT 4WD Престиж";"вариатор";"149 л.с.";"5 поколение";"4WD";"92500.0";"левый";"джип/suv 5 дв.";"черный";"";"https://auto.drom.ru/irkutsk/toyota/rav4/412044751.html"
"Продажа Toyota RAV4, 2008 год в Иркутске";"1458888.0";"бензин, 2.4 л";"2.4 AT Sol";"АКПП";"170 л.с.";"3 поколение";"4WD";"195000.0";"левый";"джип/suv 5 дв.";"синий";"";"https://auto.drom.ru/irkutsk/toyota/rav4/558427169.html"
"Продажа Toyota RAV4, 2021 год в Иркутске";"3500000.0";"бензин, 2.0 л";"2.0 CVT Комфорт";"вариатор";"149 л.с.";"5 поколение";"передний";"35200.0";"левый";"джип/suv 5 дв.";"белый";"";"https://auto.drom.ru/irkutsk/toyota/rav4/575533487.html"
"Продажа Toyota RAV4, 1995 год в Иркутске";"520000.0";"бензин, 2.0 л";"2.0 J V";"АКПП";"135 л.с.";"1 поколение";"4WD";"422225.0";"правый";"джип/suv 5 дв.";"бордовый";"";"https://auto.drom.ru/irkutsk/toyota/rav4/846698893.html"
"Продажа Toyota RAV4, 2007 год в Иркутске";"1560000.0";"бензин, 2.0 л";"";"АКПП";"152 л.с.";"3 поколение";"4WD";"168375.0";"левый";"джип/suv 5 дв.";"красный";"";"https://auto.drom.ru/irkutsk/toyota/rav4/895168223.html"
"Продажа Toyota RAV4, 2016 год в Иркутске";"2750000.0";"дизель, 2.2 л";"2.2TD AT 4WD Престиж Плюс";"АКПП";"150 л.с.";"4 поколение, рестайлинг";"4WD";"70000.0";"левый";"джип/suv 5 дв.";"белый";"";"https://auto.drom.ru/irkutsk/toyota/rav4/902872707.html"
"Продажа Toyota RAV4, 2007 год в Иркутске";"1299000.0";"бензин, 2.0 л";"";"АКПП";"152 л.с.";"3 поколение";"4WD";"118500.0";"левый";"джип/suv 5 дв.";"красный";"";"https://auto.drom.ru/irkutsk/toyota/rav4/737425759.html"
"Продажа Toyota RAV4, 2017 год в Иркутске";"2539000.0";"бензин, 2.0 л";"2.0 CVT 4WD Exclusive";"вариатор";"146 л.с.";"4 поколение, рестайлинг";"4WD";"80000.0";"левый";"джип/suv 5 дв.";"черный";"";"https://auto.drom.ru/irkutsk/toyota/rav4/348115400.html"
"Продажа Toyota RAV4, 2013 год в Иркутске";"2158000.0";"бензин, 2.0 л";"";"вариатор";"146 л.с.";"4 поколение";"4WD";"141000.0";"левый";"джип/suv 5 дв.";"белый";"";"https://auto.drom.ru/irkutsk/toyota/rav4/495891712.html"
"Продажа Toyota RAV4, 2017 год в Иркутске";"2529000.0";"бензин, 2.0 л";"2.0 CVT 4WD Exclusive";"вариатор";"146 л.с.";"4 поколение, рестайлинг";"4WD";"77000.0";"левый";"джип/suv 5 дв.";"черный";"";"https://auto.drom.ru/irkutsk/toyota/rav4/54024035.html"
"Продажа Toyota RAV4, 2002 год в Иркутске";"900000.0";"бензин, 2.0 л";"2.0 AT 4WD";"АКПП";"150 л.с.";"2 поколение";"4WD";"235000.0";"левый";"джип/suv 5 дв.";"серый";"";"https://auto.drom.ru/irkutsk/toyota/rav4/741837014.html"
"Продажа Toyota RAV4, 2019 год в Иркутске";"3499999.0";"бензин, 2.0 л";"2.0 CVT 4WD 25th Anniversary";"вариатор";"146 л.с.";"4 поколение, рестайлинг";"4WD";"137278.0";"левый";"джип/suv 5 дв.";"черный";"";"https://auto.drom.ru/irkutsk/toyota/rav4/52477404.html"
"Продажа Toyota RAV4, 2017 год в Иркутске";"2548000.0";"бензин, 2.0 л";"";"вариатор";"146 л.с.";"4 поколение, рестайлинг";"4WD";"169870.0";"левый";"джип/suv 5 дв.";"черный";"";"https://auto.drom.ru/irkutsk/toyota/rav4/890101539.html"
"Продажа Toyota RAV4, 2007 год в Иркутске";"1250000.0";"бензин, 2.4 л";"2.4 AT Sol";"АКПП";"170 л.с.";"3 поколение";"4WD";"286000.0";"левый";"джип/suv 5 дв.";"серебристый";"";"https://auto.drom.ru/irkutsk/toyota/rav4/732558908.html"
"Продажа Toyota RAV4, 2019 год в Иркутске";"2775000.0";"бензин, 2.0 л";"2.0 X";"вариатор";"171 л.с.";"5 поколение";"передний";"63223.0";"правый";"джип/suv 5 дв.";"красный";"";"https://auto.drom.ru/irkutsk/toyota/rav4/696438745.html"
"Продажа Toyota RAV4, 2006 год в Иркутске";"1185000.0";"бензин, 2.0 л";"2.0 AT Executive";"АКПП";"152 л.с.";"3 поколение";"4WD";"296000.0";"левый";"джип/suv 5 дв.";"бежевый";"";"https://auto.drom.ru/irkutsk/toyota/rav4/551587619.html"
"Продажа Toyota RAV4, 2006 год в Иркутске";"1200000.0";"бензин, 2.0 л";"";"АКПП";"152 л.с.";"3 поколение";"4WD";"246733.0";"левый";"джип/suv 5 дв.";"зеленый";"";"https://auto.drom.ru/irkutsk/toyota/rav4/411073805.html"
"Продажа Toyota RAV4, 2008 год в Иркутске";"1285000.0";"бензин, 2.0 л";"";"АКПП";"152 л.с.";"3 поколение";"4WD";"200000.0";"левый";"джип/suv 5 дв.";"бежевый";"";"https://auto.drom.ru/irkutsk/toyota/rav4/623147988.html"
"Продажа Toyota RAV4, 2021 год в Иркутске";"4150000.0";"бензин, 2.5 л";"2.5 AT 4WD Комфорт";"АКПП";"199 л.с.";"5 поколение";"4WD";"63649.0";"левый";"джип/suv 5 дв.";"белый";"";"https://auto.drom.ru/irkutsk/toyota/rav4/441741697.html"
"Продажа Toyota RAV4, 2013 год в Иркутске";"1850000.0";"бензин, 2.0 л";"2.0 CVT 2WD Стандарт";"вариатор";"146 л.с.";"4 поколение";"передний";"256000.0";"левый";"джип/suv 5 дв.";"черный";"";"https://auto.drom.ru/irkutsk/toyota/rav4/268874847.html"
"Продажа Toyota RAV4, 1999 год в Иркутске";"480000.0";"бензин, 2.0 л";"2.0 L V type G";"АКПП";"180 л.с.";"1 поколение, рестайлинг";"4WD";"356626.0";"правый";"джип/suv 5 дв.";"черный";"";"https://auto.drom.ru/irkutsk/toyota/rav4/413419456.html"
"Продажа Toyota RAV4, 2013 год в Иркутске";"1833000.0";"бензин, 2.0 л";"";"вариатор";"146 л.с.";"4 поколение";"передний";"134000.0";"левый";"джип/suv 5 дв.";"белый";"";"https://auto.drom.ru/irkutsk/toyota/rav4/134460092.html"
"Продажа Toyota RAV4, 2001 год в Иркутске";"800000.0";"бензин, 1.8 л";"1.8 J X G package";"АКПП";"125 л.с.";"2 поколение";"передний";"302000.0";"правый";"джип/suv 5 дв.";"белый";"";"https://auto.drom.ru/irkutsk/toyota/rav4/366338594.html"
"Продажа Toyota RAV4, 2006 год в Иркутске";"1300000.0";"бензин, 2.0 л";"";"АКПП";"152 л.с.";"3 поколение";"4WD";"180000.0";"левый";"джип/suv 5 дв.";"черный";"";"https://auto.drom.ru/irkutsk/toyota/rav4/627211202.html"
"Продажа Toyota RAV4, 2015 год в Иркутске";"2590000.0";"бензин, 2.5 л";"2.5 AT 4WD Элеганс Плюс";"АКПП";"180 л.с.";"4 поколение";"4WD";"129300.0";"левый";"джип/suv 5 дв.";"белый";"";"https://auto.drom.ru/irkutsk/toyota/rav4/368906251.html"
"Продажа Toyota RAV4, 2012 год в Иркутске";"1760000.0";"бензин, 2.0 л";"";"вариатор";"148 л.с.";"3 поколение, 2 рестайлинг";"4WD";"118112.0";"левый";"джип/suv 5 дв.";"черный";"";"https://auto.drom.ru/irkutsk/toyota/rav4/526360175.html"
"Продажа Toyota RAV4, 2013 год в Иркутске";"1890000.0";"бензин, 2.0 л";"";"вариатор";"146 л.с.";"4 поколение";"4WD";"163319.0";"левый";"джип/suv 5 дв.";"серый";"";"https://auto.drom.ru/irkutsk/toyota/rav4/172580095.html"
"Продажа Toyota RAV4, 2019 год в Иркутске";"3600000.0";"бензин, 2.0 л";"";"вариатор";"171 л.с.";"5 поколение";"4WD";"25000.0";"левый";"джип/suv 5 дв.";"черный";"";"https://auto.drom.ru/irkutsk/toyota/rav4/192850136.html"
"Продажа Toyota RAV4, 2010 год в Иркутске";"1650000.0";"бензин, 2.0 л";"";"вариатор";"158 л.с.";"3 поколение, 2 рестайлинг";"4WD";"169000.0";"левый";"джип/suv 5 дв.";"бежевый";"";"https://auto.drom.ru/irkutsk/toyota/rav4/606700953.html"
"Продажа Toyota RAV4, 2017 год в Иркутске";"2860000.0";"бензин, 2.0 л";"";"вариатор";"146 л.с.";"4 поколение, рестайлинг";"4WD";"145000.0";"левый";"джип/suv 5 дв.";"черный";"";"https://auto.drom.ru/irkutsk/toyota/rav4/533066961.html"
"Продажа Toyota RAV4, 2013 год в Иркутске";"2150000.0";"бензин, 2.0 л";"";"вариатор";"146 л.с.";"4 поколение";"4WD";"160465.0";"левый";"джип/suv 5 дв.";"черный";"";"https://auto.drom.ru/irkutsk/toyota/rav4/556040211.html"
"Продажа Toyota RAV4, 2021 год в Иркутске";"3480000.0";"бензин, 2.0 л";"2.0 CVT 4WD Комфорт";"вариатор";"149 л.с.";"5 поколение";"4WD";"95000.0";"левый";"джип/suv 5 дв.";"белый";"";"https://auto.drom.ru/irkutsk/toyota/rav4/210667486.html"
"Продажа Toyota RAV4, 2016 год в Иркутске";"2590000.0";"бензин, 2.5 л";"2.5 AT 4WD Престиж Плюс";"АКПП";"180 л.с.";"4 поколение, рестайлинг";"4WD";"192000.0";"левый";"джип/suv 5 дв.";"";"";"https://auto.drom.ru/irkutsk/toyota/rav4/367989092.html"
"Продажа Toyota RAV4, 2017 год в Иркутске";"2300000.0";"бензин, 2.0 л";"";"вариатор";"146 л.с.";"4 поколение, рестайлинг";"4WD";"67500.0";"левый";"джип/suv 5 дв.";"серебристый";"";"https://auto.drom.ru/irkutsk/toyota/rav4/329488487.html"
"Продажа Toyota RAV4, 2020 год в Иркутске";"3500000.0";"бензин, 2.0 л";"2.0 CVT Комфорт";"вариатор";"149 л.с.";"5 поколение";"передний";"39000.0";"левый";"джип/suv 5 дв.";"белый";"";"https://auto.drom.ru/irkutsk/toyota/rav4/48296874.html"
"Продажа Toyota RAV4, 2014 год в Иркутске";"2280000.0";"бензин, 2.0 л";"2.0 CVT 2WD Комфорт Плюс";"вариатор";"146 л.с.";"4 поколение";"передний";"164000.0";"левый";"джип/suv 5 дв.";"черный";"";"https://auto.drom.ru/irkutsk/toyota/rav4/141989703.html"
"Продажа Toyota RAV4, 2020 год в Иркутске";"3290000.0";"бензин, 2.0 л";"2.0 CVT 4WD Престиж";"вариатор";"149 л.с.";"5 поколение";"4WD";"67000.0";"левый";"джип/suv 5 дв.";"зеленый";"";"https://auto.drom.ru/irkutsk/toyota/rav4/270090600.html"
"Продажа Toyota RAV4, 2019 год в Иркутске";"3290000.0";"бензин, 2.0 л";"2.0 G Z Package 4WD";"вариатор";"171 л.с.";"5 поколение";"4WD";"57200.0";"правый";"джип/suv 5 дв.";"белый";"";"https://auto.drom.ru/irkutsk/toyota/rav4/273176366.html"
"Продажа Toyota RAV4, 2008 год в Иркутске";"1200000.0";"бензин, 2.0 л";"2.0 АТ Стандарт";"АКПП";"152 л.с.";"3 поколение, рестайлинг";"4WD";"191000.0";"левый";"джип/suv 5 дв.";"серебристый";"";"https://auto.drom.ru/irkutsk/toyota/rav4/374980037.html"
"Продажа Toyota RAV4, 2017 год в Иркутске";"2650000.0";"бензин, 2.0 л";"2.0 CVT 2WD Комфорт Плюс";"вариатор";"146 л.с.";"4 поколение, рестайлинг";"передний";"102000.0";"левый";"джип/suv 5 дв.";"серебристый";"";"https://auto.drom.ru/irkutsk/toyota/rav4/169000312.html"
"Продажа Toyota RAV4, 2014 год в Иркутске";"2600000.0";"бензин, 2.5 л";"2.5 AT 4WD Престиж Плюс";"АКПП";"180 л.с.";"4 поколение";"4WD";"128000.0";"левый";"джип/suv 5 дв.";"белый";"";"https://auto.drom.ru/irkutsk/toyota/rav4/693599580.html"
"Продажа Toyota RAV4, 2018 год в Иркутске";"2850000.0";"бензин, 2.0 л";"2.0 CVT 4WD Adventure";"вариатор";"146 л.с.";"4 поколение, рестайлинг";"4WD";"118000.0";"левый";"джип/suv 5 дв.";"белый";"";"https://auto.drom.ru/irkutsk/toyota/rav4/509084166.html"
"Продажа Toyota RAV4, 1995 год в Иркутске";"650000.0";"бензин, 2.0 л";"";"АКПП";"128 л.с.";"1 поколение";"4WD";"200000.0";"левый";"джип/suv 5 дв.";"синий";"";"https://auto.drom.ru/irkutsk/toyota/rav4/912962074.html"
"Продажа Toyota RAV4, 2020 год в Иркутске";"3850000.0";"бензин, 2.5 л, гибрид";"2.5 Hybrid X 4WD";"вариатор";"178 л.с.";"5 поколение";"4WD";"57000.0";"правый";"джип/suv 5 дв.";"белый";"";"https://auto.drom.ru/irkutsk/toyota/rav4/53097720.html"
"Продажа Toyota RAV4, 2004 год в Иркутске";"998000.0";"бензин, 2.4 л";"2.4 AT";"АКПП";"161 л.с.";"2 поколение, рестайлинг";"4WD";"112000.0";"левый";"джип/suv 5 дв.";"красный";"";"https://auto.drom.ru/irkutsk/toyota/rav4/652590715.html"
"Продажа Toyota RAV4, 2003 год в Иркутске";"850000.0";"бензин, 2.0 л";"";"АКПП";"152 л.с.";"2 поколение";"4WD";"220000.0";"правый";"джип/suv 3 дв.";"серый";"";"https://auto.drom.ru/irkutsk/toyota/rav4/680985520.html"
"Продажа Toyota RAV4, 2013 год в Иркутске";"1975000.0";"бензин, 2.0 л";"2.0 CVT 4WD Стандарт";"вариатор";"146 л.с.";"4 поколение";"4WD";"234305.0";"левый";"джип/suv 5 дв.";"черный";"";"https://auto.drom.ru/irkutsk/toyota/rav4/539131905.html"
"Продажа Toyota RAV4, 2021 год в Иркутске";"3200000.0";"бензин, 2.0 л";"";"вариатор";"173 л.с.";"5 поколение";"4WD";"32000.0";"левый";"джип/suv 5 дв.";"белый";"";"https://auto.drom.ru/irkutsk/toyota/rav4/253738948.html"
"Продажа Toyota RAV4, 2019 год в Иркутске";"3500000.0";"бензин, 2.5 л";"2.5 AT 4WD Престиж Safety";"АКПП";"180 л.с.";"4 поколение, рестайлинг";"4WD";"116000.0";"левый";"джип/suv 5 дв.";"белый";"";"https://auto.drom.ru/irkutsk/toyota/rav4/186769704.html"
"Продажа Toyota RAV4, 2008 год в Иркутске";"1450000.0";"бензин, 2.4 л";"";"вариатор";"170 л.с.";"3 поколение, рестайлинг";"передний";"235000.0";"правый";"джип/suv 5 дв.";"серый";"";"https://auto.drom.ru/irkutsk/toyota/rav4/311737828.html"
"Продажа Toyota RAV4, 2006 год в Иркутске";"1150000.0";"бензин, 2.0 л";"2.0 AT Sol";"АКПП";"152 л.с.";"3 поколение";"4WD";"245000.0";"левый";"джип/suv 5 дв.";"черный";"";"https://auto.drom.ru/irkutsk/toyota/rav4/124192716.html"
"Продажа Toyota RAV4, 2007 год в Иркутске";"1450000.0";"бензин, 2.4 л";"2.4 AT Sol";"АКПП";"170 л.с.";"3 поколение";"4WD";"300000.0";"левый";"джип/suv 5 дв.";"серый";"";"https://auto.drom.ru/irkutsk/toyota/rav4/53103870.html"
"Продажа Toyota RAV4, 2001 год в Иркутске";"745000.0";"бензин, 1.8 л";"1.8 L Aero Sport";"АКПП";"125 л.с.";"2 поколение";"передний";"200000.0";"правый";"джип/suv 3 дв.";"белый";"";"https://auto.drom.ru/irkutsk/toyota/rav4/779726315.html"
"Продажа Toyota RAV4, 2021 год в Иркутске";"4498000.0";"бензин, 2.5 л";"";"АКПП";"199 л.с.";"5 поколение";"4WD";"64500.0";"левый";"джип/suv 5 дв.";"белый";"";"https://auto.drom.ru/irkutsk/toyota/rav4/191442111.html"
"Продажа Toyota RAV4, 1997 год в Иркутске";"580000.0";"бензин, 2.0 л";"";"АКПП";"135 л.с.";"1 поколение";"4WD";"496205.0";"правый";"джип/suv 5 дв.";"серый";"";"https://auto.drom.ru/irkutsk/toyota/rav4/677463244.html"
"Продажа Toyota RAV4, 2019 год в Иркутске";"2895000.0";"бензин, 2.0 л";"2.0 X";"вариатор";"171 л.с.";"5 поколение";"передний";"56000.0";"правый";"джип/suv 5 дв.";"белый";"";"https://auto.drom.ru/irkutsk/toyota/rav4/819445915.html"
"Продажа Toyota RAV4, 2000 год в Иркутске";"250000.0";"бензин, 1.8 л";"";"АКПП";"125 л.с.";"2 поколение";"передний";"700000.0";"правый";"джип/suv 5 дв.";"черный";"требуется ремонт или не на ходу";"https://auto.drom.ru/irkutsk/toyota/rav4/948243340.html"
"Продажа Toyota RAV4, 2013 год в Иркутске";"1990000.0";"бензин, 2.0 л";"";"вариатор";"146 л.с.";"4 поколение";"4WD";"111918.0";"левый";"джип/suv 5 дв.";"черный";"";"https://auto.drom.ru/irkutsk/toyota/rav4/325851018.html"
"Продажа Toyota RAV4, 2000 год в Иркутске";"800000.0";"бензин, 1.8 л";"1.8 J Aero Sport";"АКПП";"125 л.с.";"2 поколение";"передний";"192540.0";"правый";"джип/suv 5 дв.";"серебристый";"";"https://auto.drom.ru/irkutsk/toyota/rav4/290235125.html"
"Продажа Toyota RAV4, 2020 год в Иркутске";"4650000.0";"бензин, 2.0 л";"2.0 CVT 4WD Престиж";"вариатор";"149 л.с.";"5 поколение";"4WD";"9000.0";"левый";"джип/suv 5 дв.";"серебристый";"";"https://auto.drom.ru/irkutsk/toyota/rav4/48968708.html"
"Продажа Toyota RAV4, 2007 год в Иркутске";"370000.0";"бензин, 2.0 л";"";"АКПП";"152 л.с.";"3 поколение";"4WD";"224000.0";"левый";"джип/suv 5 дв.";"белый";"требуется ремонт или не на ходу";"https://auto.drom.ru/irkutsk/toyota/rav4/597860840.html"
"Продажа Toyota RAV4, 2001 год в Иркутске";"675000.0";"бензин, 1.8 л";"1.8 J Aero Sport";"АКПП";"125 л.с.";"2 поколение";"передний";"460000.0";"правый";"джип/suv 5 дв.";"серый";"";"https://auto.drom.ru/irkutsk/toyota/rav4/879164750.html"
"Продажа Toyota RAV4, 2014 год в Иркутске";"2490000.0";"бензин, 2.5 л";"2.5 AT 4WD Престиж Плюс";"АКПП";"180 л.с.";"4 поколение";"4WD";"217000.0";"левый";"джип/suv 5 дв.";"белый";"";"https://auto.drom.ru/irkutsk/toyota/rav4/552558783.html"
"Продажа Toyota RAV4, 2006 год в Иркутске";"1259000.0";"бензин, 2.0 л";"2.0 AT Executive";"АКПП";"152 л.с.";"3 поколение";"4WD";"217000.0";"левый";"джип/suv 5 дв.";"черный";"";"https://auto.drom.ru/irkutsk/toyota/rav4/352686024.html"
"Продажа Toyota RAV4, 2021 год в Иркутске";"4450000.0";"бензин, 2.5 л";"2.5 AT 4WD Style";"АКПП";"199 л.с.";"5 поколение";"4WD";"80000.0";"левый";"джип/suv 5 дв.";"красный";"";"https://auto.drom.ru/irkutsk/toyota/rav4/653037551.html"
"Продажа Toyota RAV4, 2013 год в Иркутске";"2200000.0";"бензин, 2.0 л";"2.0 CVT 2WD Комфорт Плюс";"вариатор";"146 л.с.";"4 поколение";"передний";"220000.0";"левый";"джип/suv 5 дв.";"черный";"";"https://auto.drom.ru/irkutsk/toyota/rav4/160338009.html"
"Продажа Toyota RAV4, 2014 год в Иркутске";"2290000.0";"бензин, 2.0 л";"2.0 CVT 4WD Комфорт Плюс";"вариатор";"146 л.с.";"4 поколение";"4WD";"167000.0";"левый";"джип/suv 5 дв.";"черный";"";"https://auto.drom.ru/irkutsk/toyota/rav4/399163833.html"
"Продажа Toyota RAV4, 2007 год в Иркутске";"1240000.0";"бензин, 2.0 л";"";"АКПП";"152 л.с.";"3 поколение";"4WD";"278974.0";"левый";"джип/suv 5 дв.";"синий";"";"https://auto.drom.ru/irkutsk/toyota/rav4/220620107.html"
"Продажа Toyota RAV4, 2010 год в Иркутске";"1850000.0";"бензин, 2.0 л";"2.0 CVT Престиж";"вариатор";"158 л.с.";"3 поколение, 2 рестайлинг";"4WD";"215000.0";"левый";"джип/suv 5 дв.";"черный";"";"https://auto.drom.ru/irkutsk/toyota/rav4/453043113.html"
"Продажа Toyota RAV4, 2008 год в Иркутске";"1590000.0";"бензин, 2.4 л";"2.4 AT Sol";"АКПП";"170 л.с.";"3 поколение";"4WD";"237000.0";"левый";"джип/suv 5 дв.";"серый";"";"https://auto.drom.ru/irkutsk/toyota/rav4/394935583.html"
"Продажа Toyota RAV4, 2020 год в Иркутске";"4150000.0";"бензин, 2.5 л";"2.5 AT 4WD Комфорт";"АКПП";"199 л.с.";"5 поколение";"4WD";"139900.0";"левый";"джип/suv 5 дв.";"белый";"";"https://auto.drom.ru/irkutsk/toyota/rav4/53639697.html"
"Продажа Toyota RAV4, 2013 год в Иркутске";"1750000.0";"дизель, 2.2 л";"2.2TD AT 4WD Престиж";"АКПП";"150 л.с.";"4 поколение";"4WD";"185000.0";"левый";"джип/suv 5 дв.";"черный";"";"https://auto.drom.ru/irkutsk/toyota/rav4/224399903.html"
"Продажа Toyota RAV4, 2019 год в Иркутске";"3450000.0";"бензин, 2.5 л, гибрид";"2.5 Hybrid X 4WD";"вариатор";"178 л.с.";"5 поколение";"4WD";"50000.0";"правый";"джип/suv 5 дв.";"черный";"";"https://auto.drom.ru/irkutsk/toyota/rav4/502254837.html"
"Продажа Toyota RAV4, 2017 год в Иркутске";"2500000.0";"бензин, 2.0 л";"2.0 CVT 2WD Комфорт Плюс";"вариатор";"146 л.с.";"4 поколение, рестайлинг";"передний";"146000.0";"левый";"джип/suv 5 дв.";"серебристый";"";"https://auto.drom.ru/irkutsk/toyota/rav4/523142749.html"
"Продажа Toyota RAV4, 2020 год в Иркутске";"4100000.0";"бензин, 2.5 л";"2.5 AT 4WD Комфорт";"АКПП";"199 л.с.";"5 поколение";"4WD";"60000.0";"левый";"джип/suv 5 дв.";"белый";"";"https://auto.drom.ru/irkutsk/toyota/rav4/897626098.html"
"Продажа Toyota RAV4, 2019 год в Иркутске";"3395000.0";"бензин, 2.0 л";"2.0 X";"вариатор";"171 л.с.";"5 поколение";"передний";"68000.0";"правый";"джип/suv 5 дв.";"черный";"";"https://auto.drom.ru/irkutsk/toyota/rav4/258111107.html"
"Продажа Toyota RAV4, 2015 год в Иркутске";"2899000.0";"бензин, 2.0 л";"2.0 CVT 4WD Престиж";"вариатор";"146 л.с.";"4 поколение, рестайлинг";"4WD";"63000.0";"левый";"джип/suv 5 дв.";"белый";"";"https://auto.drom.ru/irkutsk/toyota/rav4/555853892.html"
"Продажа Toyota RAV4, 2013 год в Иркутске";"2128000.0";"бензин, 2.0 л";"";"вариатор";"146 л.с.";"4 поколение";"4WD";"85220.0";"левый";"джип/suv 5 дв.";"коричневый";"";"https://auto.drom.ru/irkutsk/toyota/rav4/587918806.html"
"Продажа Toyota RAV4, 2007 год в Иркутске";"1500000.0";"бензин, 2.4 л";"2.4 AT Sol";"АКПП";"170 л.с.";"3 поколение";"4WD";"200000.0";"левый";"джип/suv 5 дв.";"серый";"";"https://auto.drom.ru/irkutsk/toyota/rav4/429109221.html"
"Продажа Toyota RAV4, 2010 год в Иркутске";"1575000.0";"бензин, 2.0 л";"2.0 CVT Элеганс";"вариатор";"158 л.с.";"3 поколение, 2 рестайлинг";"4WD";"168000.0";"левый";"джип/suv 5 дв.";"белый";"";"https://auto.drom.ru/irkutsk/toyota/rav4/728225961.html"
"Продажа Toyota RAV4, 2003 год в Иркутске";"920000.0";"бензин, 2.0 л";"2.0 AT 4WD Executive";"АКПП";"150 л.с.";"2 поколение, рестайлинг";"4WD";"275000.0";"левый";"джип/suv 5 дв.";"зеленый";"";"https://auto.drom.ru/irkutsk/toyota/rav4/335174158.html"
"Продажа Toyota RAV4, 2005 год в Иркутске";"1100000.0";"бензин, 2.0 л";"";"автомат";"152 л.с.";"3 поколение";"4WD";"295.0";"левый";"джип/suv 5 дв.";"синий";"";"https://auto.drom.ru/irkutsk/toyota/rav4/560031660.html"
"Продажа Toyota RAV4, 2010 год в Иркутске";"1685000.0";"бензин, 2.0 л";"";"вариатор";"158 л.с.";"3 поколение, 2 рестайлинг";"4WD";"200000.0";"левый";"джип/suv 5 дв.";"черный";"";"https://auto.drom.ru/irkutsk/toyota/rav4/50894790.html"
"Продажа Toyota RAV4, 2009 год в Иркутске";"1500000.0";"бензин, 2.0 л";"";"АКПП";"152 л.с.";"3 поколение, рестайлинг";"4WD";"240000.0";"левый";"джип/suv 5 дв.";"серый";"";"https://auto.drom.ru/irkutsk/toyota/rav4/140174072.html"
"Продажа Toyota RAV4, 2013 год в Иркутске";"1990000.0";"бензин, 2.0 л";"2.0 CVT 4WD Элеганс Плюс";"вариатор";"146 л.с.";"4 поколение";"4WD";"145000.0";"левый";"джип/suv 5 дв.";"белый";"";"https://auto.drom.ru/irkutsk/toyota/rav4/247585031.html"
"Продажа Toyota RAV4, 2019 год в Иркутске";"3675000.0";"бензин, 2.5 л, гибрид";"2.5 Hybrid G 4WD";"вариатор";"178 л.с.";"5 поколение";"4WD";"72500.0";"правый";"джип/suv 5 дв.";"белый";"";"https://auto.drom.ru/irkutsk/toyota/rav4/481533314.html"
"Продажа Toyota RAV4, 2015 год в Иркутске";"2750000.0";"бензин, 2.5 л";"";"АКПП";"180 л.с.";"4 поколение";"4WD";"84700.0";"левый";"джип/suv 5 дв.";"белый";"";"https://auto.drom.ru/irkutsk/toyota/rav4/845358183.html"
"Продажа Toyota RAV4, 2000 год в Иркутске";"650000.0";"бензин, 2.0 л";"";"механика";"152 л.с.";"2 поколение";"4WD";"170000.0";"правый";"джип/suv 5 дв.";"серый";"";"https://auto.drom.ru/irkutsk/toyota/rav4/923329700.html"
"Продажа Toyota RAV4, 2016 год в Иркутске";"2978000.0";"бензин, 2.5 л";"2.5 AT 4WD Престиж Safety";"АКПП";"180 л.с.";"4 поколение, рестайлинг";"4WD";"87150.0";"левый";"джип/suv 5 дв.";"белый";"";"https://auto.drom.ru/irkutsk/toyota/rav4/797206815.html"
"Продажа Toyota RAV4, 2016 год в Иркутске";"2635000.0";"бензин, 2.0 л";"2.0 CVT 4WD Комфорт";"вариатор";"146 л.с.";"4 поколение, рестайлинг";"4WD";"121850.0";"левый";"джип/suv 5 дв.";"белый";"";"https://auto.drom.ru/irkutsk/toyota/rav4/458772552.html"
"Продажа Toyota RAV4, 2006 год в Иркутске";"1229000.0";"бензин, 2.0 л";"2.0 AT Luna Plus";"АКПП";"152 л.с.";"3 поколение";"4WD";"181950.0";"левый";"джип/suv 5 дв.";"";"";"https://auto.drom.ru/irkutsk/toyota/rav4/176555785.html"
"Продажа Toyota RAV4, 2000 год в Иркутске";"748000.0";"бензин, 1.8 л";"1.8 J Aero Sport";"АКПП";"125 л.с.";"2 поколение";"передний";"304000.0";"правый";"джип/suv 3 дв.";"серебристый";"";"https://auto.drom.ru/irkutsk/toyota/rav4/355916855.html"
"Продажа Toyota RAV4, 2020 год в Иркутске";"3500000.0";"бензин, 2.5 л";"2.5 AT 4WD Комфорт";"АКПП";"199 л.с.";"5 поколение";"4WD";"80000.0";"левый";"джип/suv 5 дв.";"синий";"";"https://auto.drom.ru/irkutsk/toyota/rav4/53453824.html"
"Продажа Toyota RAV4, 2018 год в Иркутске";"2830000.0";"бензин, 2.0 л";"2.0 CVT 4WD Престиж Safety";"вариатор";"146 л.с.";"4 поколение, рестайлинг";"4WD";"122800.0";"левый";"джип/suv 5 дв.";"коричневый";"";"https://auto.drom.ru/irkutsk/toyota/rav4/702306010.html"
"Продажа Toyota RAV4, 2009 год в Иркутске";"1630000.0";"бензин, 2.4 л";"2.4 АТ Престиж Long";"АКПП";"170 л.с.";"3 поколение, рестайлинг";"4WD";"214000.0";"левый";"джип/suv 5 дв.";"серебристый";"";"https://auto.drom.ru/irkutsk/toyota/rav4/639703147.html"
"Продажа Toyota RAV4, 2010 год в Иркутске";"1600000.0";"бензин, 2.0 л";"";"вариатор";"158 л.с.";"3 поколение, 2 рестайлинг";"4WD";"188000.0";"левый";"джип/suv 5 дв.";"серый";"";"https://auto.drom.ru/irkutsk/toyota/rav4/785268280.html"
"Продажа Toyota RAV4, 2014 год в Иркутске";"2130000.0";"бензин, 2.0 л";"2.0 CVT 4WD Престиж";"вариатор";"146 л.с.";"4 поколение";"4WD";"135000.0";"левый";"джип/suv 5 дв.";"серый";"";"https://auto.drom.ru/irkutsk/toyota/rav4/461847545.html"
"Продажа Toyota RAV4, 2008 год в Иркутске";"1480000.0";"бензин, 2.4 л";"2.4 АТ Престиж Long";"АКПП";"170 л.с.";"3 поколение, рестайлинг";"4WD";"180000.0";"левый";"джип/suv 5 дв.";"серый";"";"https://auto.drom.ru/irkutsk/toyota/rav4/874697141.html"
"Продажа Toyota RAV4, 2003 год в Иркутске";"745000.0";"бензин, 1.8 л";"1.8 L X G package";"АКПП";"125 л.с.";"2 поколение, рестайлинг";"передний";"221000.0";"правый";"джип/suv 5 дв.";"белый";"";"https://auto.drom.ru/irkutsk/toyota/rav4/444171297.html"
"Продажа Toyota RAV4, 2012 год в Иркутске";"1300000.0";"бензин, 2.4 л";"2.4 Style S Package 4WD";"вариатор";"170 л.с.";"3 поколение, рестайлинг";"4WD";"102000.0";"правый";"джип/suv 5 дв.";"серебристый";"документы с проблемами, документы с проблемами, конструктор (ГТД на агрегаты)";"https://auto.drom.ru/irkutsk/toyota/rav4/569789444.html"
"Продажа Toyota RAV4, 2000 год в Иркутске";"760000.0";"бензин, 1.8 л";"1.8 J Aero Sport";"АКПП";"125 л.с.";"2 поколение";"передний";"197000.0";"правый";"джип/suv 3 дв.";"белый";"";"https://auto.drom.ru/irkutsk/toyota/rav4/848176202.html"
"Продажа Toyota RAV4, 2017 год в Иркутске";"2780000.0";"бензин, 2.0 л";"2.0 CVT 4WD Style";"вариатор";"146 л.с.";"4 поколение, рестайлинг";"4WD";"126500.0";"левый";"джип/suv 5 дв.";"белый";"";"https://auto.drom.ru/irkutsk/toyota/rav4/44508989.html"
"Продажа Toyota RAV4, 2015 год в Иркутске";"2600000.0";"бензин, 2.5 л";"2.5 AT 4WD Комфорт Плюс";"АКПП";"180 л.с.";"4 поколение";"4WD";"119000.0";"левый";"джип/suv 5 дв.";"черный";"";"https://auto.drom.ru/irkutsk/toyota/rav4/350842193.html"
"Продажа Toyota RAV4, 2006 год в Иркутске";"1298000.0";"бензин, 2.0 л";"";"АКПП";"152 л.с.";"3 поколение";"4WD";"169400.0";"левый";"джип/suv 5 дв.";"бежевый";"";"https://auto.drom.ru/irkutsk/toyota/rav4/429070047.html"
"Продажа Toyota RAV4, 2021 год в Иркутске";"3100000.0";"бензин, 2.0 л";"";"вариатор";"171 л.с.";"5 поколение";"4WD";"46476.0";"левый";"джип/suv 5 дв.";"белый";"";"https://auto.drom.ru/irkutsk/toyota/rav4/285059051.html"
"Продажа Toyota RAV4, 1997 год в Ангарске";"490000.0";"бензин, 2.0 л";"";"АКПП";"135 л.с.";"1 поколение";"4WD";"320000.0";"правый";"джип/suv 5 дв.";"серый";"";"https://auto.drom.ru/angarsk/toyota/rav4/342439270.html"
"Продажа Toyota RAV4, 2023 год в Ангарске";"4800000.0";"бензин, 2.5 л";"";"АКПП";"203 л.с.";"5 поколение";"4WD";"7400.0";"левый";"джип/suv 5 дв.";"черный";"";"https://auto.drom.ru/angarsk/toyota/rav4/871740512.html"
"Продажа Toyota RAV4, 2017 год в Ангарске";"3060000.0";"бензин, 2.5 л";"2.5 AT 4WD Exclusive";"АКПП";"180 л.с.";"4 поколение, рестайлинг";"4WD";"111000.0";"левый";"джип/suv 5 дв.";"коричневый";"";"https://auto.drom.ru/angarsk/toyota/rav4/786187668.html"
"Продажа Toyota RAV4, 2006 год в Ангарске";"1200000.0";"бензин, 2.0 л";"";"АКПП";"152 л.с.";"3 поколение";"4WD";"142000.0";"левый";"джип/suv 5 дв.";"синий";"";"https://auto.drom.ru/angarsk/toyota/rav4/192678236.html"
"Продажа Toyota RAV4, 2021 год в Ангарске";"4000000.0";"бензин, 2.0 л";"2.0 CVT 4WD Комфорт";"вариатор";"149 л.с.";"5 поколение";"4WD";"40100.0";"левый";"джип/suv 5 дв.";"белый";"";"https://auto.drom.ru/angarsk/toyota/rav4/587382649.html"
"Продажа Toyota RAV4, 2023 год в Ангарске";"4250000.0";"бензин, 2.0 л";"2.0 CVT 4WD Престиж Плюс";"вариатор";"173 л.с.";"5 поколение";"4WD";"7000.0";"левый";"джип/suv 5 дв.";"черный";"";"https://auto.drom.ru/angarsk/toyota/rav4/321604971.html"
"Продажа Toyota RAV4, 2005 год в Ангарске";"1048000.0";"бензин, 2.0 л";"2.0 AT R4";"АКПП";"150 л.с.";"2 поколение, рестайлинг";"4WD";"275000.0";"левый";"джип/suv 5 дв.";"золотистый";"";"https://auto.drom.ru/angarsk/toyota/rav4/319047778.html"
"Продажа Toyota RAV4, 1999 год в Ангарске";"575000.0";"бензин, 2.0 л";"2.0 L personal selection C package";"АКПП";"135 л.с.";"1 поколение, рестайлинг";"передний";"300000.0";"правый";"джип/suv 3 дв.";"белый";"";"https://auto.drom.ru/angarsk/toyota/rav4/585900927.html"
"Продажа Toyota RAV4, 2008 год в Ангарске";"1570000.0";"бензин, 2.4 л";"2.4 АТ Престиж Long";"АКПП";"170 л.с.";"3 поколение, рестайлинг";"4WD";"161000.0";"левый";"джип/suv 5 дв.";"бежевый";"";"https://auto.drom.ru/angarsk/toyota/rav4/116365056.html"
"Продажа Toyota RAV4, 2019 год в Ангарске";"3550000.0";"бензин, 2.5 л, гибрид";"2.5 Hybrid X 4WD";"вариатор";"178 л.с.";"5 поколение";"4WD";"77000.0";"правый";"джип/suv 5 дв.";"синий";"";"https://auto.drom.ru/angarsk/toyota/rav4/824903007.html"
"Продажа Toyota RAV4, 2018 год в Ангарске";"2650000.0";"бензин, 2.0 л";"2.0 МТ 4WD Комфорт Плюс";"механика";"146 л.с.";"4 поколение, рестайлинг";"4WD";"127500.0";"левый";"джип/suv 5 дв.";"белый";"";"https://auto.drom.ru/angarsk/toyota/rav4/634672932.html"
"Продажа Toyota RAV4, 1994 год в Ангарске";"450000.0";"бензин, 2.0 л";"2.0 J";"АКПП";"135 л.с.";"1 поколение";"4WD";"400000.0";"правый";"джип/suv 3 дв.";"зеленый";"";"https://auto.drom.ru/angarsk/toyota/rav4/133736017.html"
"Продажа Toyota RAV4, 2007 год в Оёке";"1100000.0";"бензин, 2.0 л";"2.0 AT Sol";"АКПП";"152 л.с.";"3 поколение";"4WD";"219000.0";"левый";"джип/suv 5 дв.";"черный";"";"https://auto.drom.ru/oek/toyota/rav4/943156097.html"
"Продажа Toyota RAV4, 2007 год в Мегете";"1300000.0";"бензин, 2.0 л";"2.0 AT Sol";"АКПП";"152 л.с.";"3 поколение";"4WD";"300000.0";"левый";"джип/suv 5 дв.";"серый";"";"https://auto.drom.ru/meget/toyota/rav4/847945120.html"
"Продажа Toyota RAV4, 2006 год в Мегете";"1100000.0";"бензин, 2.0 л";"";"АКПП";"152 л.с.";"3 поколение";"4WD";"250000.0";"левый";"джип/suv 5 дв.";"черный";"";"https://auto.drom.ru/meget/toyota/rav4/276202841.html"
"Продажа Toyota RAV4, 2008 год в Мегете";"1480000.0";"бензин, 2.4 л";"2.4 AT Sol";"АКПП";"170 л.с.";"3 поколение";"4WD";"276316.0";"левый";"джип/suv 5 дв.";"серый";"";"https://auto.drom.ru/meget/toyota/rav4/189151533.html"
"Продажа Toyota RAV4, 1995 год в Баклаши";"650000.0";"бензин, 2.0 л";"";"АКПП";"135 л.с.";"1 поколение";"4WD";"39952.0";"правый";"джип/suv 5 дв.";"синий";"";"https://auto.drom.ru/baklashi/toyota/rav4/509162437.html"
"Продажа Toyota RAV4, 2001 год в Хомутово";"750000.0";"бензин, 1.8 л";"1.8 J Aero Sport";"АКПП";"125 л.с.";"2 поколение";"передний";"389000.0";"правый";"джип/suv 5 дв.";"бежевый";"";"https://auto.drom.ru/homutovo-irk/toyota/rav4/256188840.html"
"Продажа Toyota RAV4, 2007 год в Шелехове";"1199000.0";"бензин, 2.4 л";"2.4 AT Sol";"АКПП";"170 л.с.";"3 поколение";"4WD";"242000.0";"левый";"джип/suv 5 дв.";"серебристый";"";"https://auto.drom.ru/shelehov/toyota/rav4/538729855.html"
"Продажа Toyota RAV4, 2008 год в Шелехове";"1750000.0";"бензин, 2.4 л";"";"вариатор";"170 л.с.";"3 поколение";"4WD";"180000.0";"правый";"джип/suv 5 дв.";"черный";"";"https://auto.drom.ru/shelehov/toyota/rav4/130406327.html"
"Продажа Toyota RAV4, 2006 год в Иркутске";"1250000.0";"бензин, 2.0 л";"";"АКПП";"152 л.с.";"3 поколение";"4WD";"243.0";"левый";"джип/suv 5 дв.";"черный";"";"https://auto.drom.ru/irkutsk/toyota/rav4/383016946.html"
"Продажа Toyota RAV4, 2020 год в Иркутске";"3260000.0";"бензин, 2.0 л";"2.0 CVT Premium";"вариатор";"171 л.с.";"5 поколение";"4WD";"40000.0";"левый";"джип/suv 5 дв.";"белый";"";"https://auto.drom.ru/irkutsk/toyota/rav4/410508819.html"
"Продажа Toyota RAV4, 2021 год в Иркутске";"4700000.0";"бензин, 2.5 л";"2.5 AT 4WD Престиж";"АКПП";"199 л.с.";"5 поколение";"4WD";"63000.0";"левый";"джип/suv 5 дв.";"белый";"";"https://auto.drom.ru/irkutsk/toyota/rav4/240682905.html"
"Продажа Toyota RAV4, 2008 год в Иркутске";"1430000.0";"бензин, 2.0 л";"";"АКПП";"152 л.с.";"3 поколение";"4WD";"209.0";"левый";"джип/suv 5 дв.";"серебристый";"";"https://auto.drom.ru/irkutsk/toyota/rav4/289951296.html"
"Продажа Toyota RAV4, 2013 год в Иркутске";"2050000.0";"дизель, 2.2 л";"2.2TD AT 4WD Престиж";"АКПП";"150 л.с.";"4 поколение";"4WD";"131000.0";"левый";"джип/suv 5 дв.";"черный";"";"https://auto.drom.ru/irkutsk/toyota/rav4/216016406.html"
"Продажа Toyota RAV4, 2019 год в Иркутске";"3145000.0";"бензин, 2.0 л";"";"вариатор";"146 л.с.";"4 поколение, рестайлинг";"4WD";"100000.0";"левый";"джип/suv 5 дв.";"синий";"";"https://auto.drom.ru/irkutsk/toyota/rav4/219139781.html"
"Продажа Toyota RAV4, 2020 год в Иркутске";"3800000.0";"бензин, 2.0 л";"";"вариатор";"149 л.с.";"5 поколение";"4WD";"49000.0";"левый";"джип/suv 5 дв.";"черный";"";"https://auto.drom.ru/irkutsk/toyota/rav4/640042982.html"
"Продажа Toyota RAV4, 2013 год в Иркутске";"2250000.0";"бензин, 2.0 л";"2.0 CVT 4WD Престиж Плюс";"вариатор";"146 л.с.";"4 поколение";"4WD";"147000.0";"левый";"джип/suv 5 дв.";"черный";"";"https://auto.drom.ru/irkutsk/toyota/rav4/791947695.html"
"Продажа Toyota RAV4, 2020 год в Иркутске";"3700000.0";"бензин, 2.0 л";"2.0 CVT 4WD Комфорт";"вариатор";"149 л.с.";"5 поколение";"4WD";"47000.0";"левый";"джип/suv 5 дв.";"белый";"";"https://auto.drom.ru/irkutsk/toyota/rav4/873843718.html"
"Продажа Toyota RAV4, 2001 год в Иркутске";"740000.0";"бензин, 2.0 л";"2.0 L X";"АКПП";"152 л.с.";"2 поколение";"4WD";"341000.0";"правый";"джип/suv 5 дв.";"серый";"";"https://auto.drom.ru/irkutsk/toyota/rav4/298942941.html"
"Продажа Toyota RAV4, 2022 год в Иркутске";"8000000.0";"бензин, 2.0 л";"2.0 CVT 4WD Престиж";"вариатор";"149 л.с.";"5 поколение";"4WD";"46000.0";"левый";"джип/suv 5 дв.";"белый";"";"https://auto.drom.ru/irkutsk/toyota/rav4/782861436.html"
"Продажа Toyota RAV4, 2019 год в Иркутске";"3400000.0";"бензин, 2.0 л";"2.0 CVT 4WD Престиж";"вариатор";"149 л.с.";"5 поколение";"4WD";"86767.0";"левый";"джип/suv 5 дв.";"белый";"";"https://auto.drom.ru/irkutsk/toyota/rav4/175965510.html"
"Продажа Toyota RAV4, 2006 год в Иркутске";"1200000.0";"бензин, 2.0 л";"2.0 AT";"АКПП";"152 л.с.";"3 поколение";"4WD";"260000.0";"левый";"джип/suv 5 дв.";"серебристый";"";"https://auto.drom.ru/irkutsk/toyota/rav4/725711758.html"
"Продажа Toyota RAV4, 2016 год в Иркутске";"2900000.0";"бензин, 2.5 л";"2.5 AT 4WD Комфорт";"АКПП";"180 л.с.";"4 поколение, рестайлинг";"4WD";"115000.0";"левый";"джип/suv 5 дв.";"белый";"";"https://auto.drom.ru/irkutsk/toyota/rav4/623077541.html"
"Продажа Toyota RAV4, 2011 год в Иркутске";"1480000.0";"бензин, 2.0 л";"";"вариатор";"148 л.с.";"3 поколение, 2 рестайлинг";"4WD";"199000.0";"левый";"джип/suv 5 дв.";"черный";"";"https://auto.drom.ru/irkutsk/toyota/rav4/523866224.html"
"Продажа Toyota RAV4, 2007 год в Иркутске";"1290000.0";"бензин, 2.0 л";"2.0 AT Executive";"АКПП";"152 л.с.";"3 поколение";"4WD";"250000.0";"левый";"джип/suv 5 дв.";"серебристый";"";"https://auto.drom.ru/irkutsk/toyota/rav4/112673856.html"
"Продажа Toyota RAV4, 2007 год в Иркутске";"1290000.0";"бензин, 2.0 л";"2.0 AT Luna Plus";"АКПП";"152 л.с.";"3 поколение";"4WD";"225000.0";"левый";"джип/suv 5 дв.";"бежевый";"";"https://auto.drom.ru/irkutsk/toyota/rav4/596785023.html"
"Продажа Toyota RAV4, 2020 год в Иркутске";"3200000.0";"бензин, 2.0 л";"2.0 CVT Комфорт";"вариатор";"149 л.с.";"5 поколение";"передний";"100100.0";"левый";"джип/suv 5 дв.";"коричневый";"";"https://auto.drom.ru/irkutsk/toyota/rav4/484599262.html"
"Продажа Toyota RAV4, 2019 год в Иркутске";"2799000.0";"бензин, 2.0 л";"";"вариатор";"146 л.с.";"4 поколение, рестайлинг";"4WD";"60000.0";"левый";"джип/suv 5 дв.";"бордовый";"";"https://auto.drom.ru/irkutsk/toyota/rav4/602527601.html"
"Продажа Toyota RAV4, 2021 год в Иркутске";"3990000.0";"бензин, 2.0 л";"";"вариатор";"149 л.с.";"5 поколение";"4WD";"82000.0";"левый";"джип/suv 5 дв.";"коричневый";"";"https://auto.drom.ru/irkutsk/toyota/rav4/321864134.html"
"Продажа Toyota RAV4, 2012 год в Иркутске";"1800000.0";"бензин, 2.0 л";"2.0 CVT Комфорт";"вариатор";"148 л.с.";"3 поколение, 2 рестайлинг";"4WD";"177777.0";"левый";"джип/suv 5 дв.";"коричневый";"";"https://auto.drom.ru/irkutsk/toyota/rav4/238287676.html"
"Продажа Toyota RAV4, 2012 год в Иркутске";"1749000.0";"бензин, 2.0 л";"2.0 CVT Комфорт";"вариатор";"148 л.с.";"3 поколение, 2 рестайлинг";"4WD";"214000.0";"левый";"джип/suv 5 дв.";"серый";"";"https://auto.drom.ru/irkutsk/toyota/rav4/134675533.html"
